item_id,qty,description,material_or_standard,size_or_procurement_note
A0-101,1,fixture base plate,A36 steel plate,"[300, 240, 8]; A0-D001-R1"
A0-102,2,parallel four-bar rocker,6061-T6 plate,"[70, 25, 6]; 55 centers"
A0-103,1,moving carriage plate,6061-T6 plate,"[70, 120, 8]"
A0-104,2,pitch yoke side plate,6061-T6 plate,"[70, 70, 8]; Ø35 H7 seat"
A0-105,1,split-clamp offset output hub,6061-T6 billet,"[85, 40, 55]; 25.5 socket"
A0-106,1,keyed index sector,6061-T6 plate,Ø90 x 6; 15 degree index
A0-107,4,replaceable stop pad,acetal,"[20, 15, 10]"
A0-108,1,dummy humeral member,6061-T6 square tube,25.4 square x 3.175 wall x 327
A0-109,2,root pivot standoff,6061-T6 billet,"[25, 25, 32]; axis Z=35"
A0-110,4,hard-stop bracket,6061-T6 billet,"[28, 20, 8]; final contact blue-check open"
A0-201,1,pitch shaft,4140 prehard ground bar,Ø17 h6 x 104; 5 x 5 keyway
A0-202,1,parallel key,"hardened steel, DIN 6885 form A",5 x 5 x 30
A0-203,2,shaft end retainer,4140 or class 10.9 steel,Ø26 x 4; detail review open
A0-301,2,deep-groove bearing,6003-2RS,17 x 35 x 10; lot and corner geometry verified before machining
A0-302,4,pivot shoulder bolt,ISO 898-1 class 10.9,M10 x 1.5; 10 shoulder
A0-303,4,pivot locknut,all-metal prevailing torque,M10 x 1.5; single-use
A0-304,2,spring indexing plunger,"steel, pull-ring type",8 pin; body/thread and nose geometry supplier-open
A0-305,1,carriage clamp screw,ISO 898-1 class 10.9,M8 x 1.25 with captive hand knob
A0-306,2,hub pinch bolt,ISO 898-1 class 10.9,M6 x 1.0; length after first-article stack
A0-307,1,secondary retention tether,steel wire rope,6 mm; rated >=1 kN; end fittings supplier-open
A0-308,4,bench mounting fastener,ISO 898-1 class 10.9,M10 x 1.5; length to reviewed bench
A0-309,1,passive friction stack,dry friction + Belleville washers,breakaway >=7 N m; material/correlation supplier-open
A0-310,2,bearing retaining cap,6061-T6,captures protruding 6003 ring; detail review open
A0-401,1,galvanic isolation kit,PET plus zinc-rich primer,0.5 PET; seal aluminum/steel interfaces
